stone,image_type,form,filename,website_usage
Amethyst,rough,Rough Stone,amethyst-rough-hero.jpg,Material card hero image
Rose Quartz,rough,Rough Stone,rose-quartz-rough-hero.jpg,Material card hero image
Clear Quartz,rough,Rough Stone,clear-quartz-rough-hero.jpg,Material card hero image
Labradorite,rough,Rough Stone,labradorite-rough-hero.jpg,Material card hero image
Lapis Lazuli,rough,Rough Stone,lapis-lazuli-rough-hero.jpg,Material card hero image
Tiger Eye,rough,Rough Stone,tiger-eye-rough-hero.jpg,Material card hero image
Agate,rough,Rough Stone,agate-rough-hero.jpg,Material card hero image
Fluorite,rough,Rough Stone,fluorite-rough-hero.jpg,Material card hero image
Citrine,rough,Rough Stone,citrine-rough-hero.jpg,Material card hero image
Amethyst,form,Cluster,amethyst-cluster.jpg,Available forms gallery
Amethyst,form,Tower,amethyst-tower.jpg,Available forms gallery
Amethyst,form,Tumbled Stones,amethyst-tumbled-stones.jpg,Available forms gallery
Amethyst,form,Beads,amethyst-beads.jpg,Available forms gallery
Amethyst,form,Pendant,amethyst-pendant.jpg,Available forms gallery
Rose Quartz,form,Heart,rose-quartz-heart.jpg,Available forms gallery
Rose Quartz,form,Tower,rose-quartz-tower.jpg,Available forms gallery
Rose Quartz,form,Tumbled Stones,rose-quartz-tumbled-stones.jpg,Available forms gallery
Rose Quartz,form,Beads,rose-quartz-beads.jpg,Available forms gallery
Rose Quartz,form,Thumb Stone,rose-quartz-palm-stone.jpg,Available forms gallery
Clear Quartz,form,Points,clear-quartz-points.jpg,Available forms gallery
Clear Quartz,form,Sphere,clear-quartz-sphere.jpg,Available forms gallery
Clear Quartz,form,Tower,clear-quartz-tower.jpg,Available forms gallery
Clear Quartz,form,Chips,clear-quartz-chips.jpg,Available forms gallery
Clear Quartz,form,Pendant,clear-quartz-pendant.jpg,Available forms gallery
Labradorite,form,Palm Stone,labradorite-palm-stone.jpg,Available forms gallery
Labradorite,form,Cabochons,labradorite-cabochons.jpg,Available forms gallery
Labradorite,form,Beads,labradorite-beads.jpg,Available forms gallery
Labradorite,form,Freeform,labradorite-freeform.jpg,Available forms gallery
Labradorite,form,Pendant,labradorite-pendant.jpg,Available forms gallery
Lapis Lazuli,form,Round Beads,lapis-lazuli-round-beads.jpg,Available forms gallery
Lapis Lazuli,form,Rondelle Beads,lapis-lazuli-rondelle-beads.jpg,Available forms gallery
Lapis Lazuli,form,Cabochons,lapis-lazuli-cabochons.jpg,Available forms gallery
Lapis Lazuli,form,Bracelet,lapis-lazuli-bracelet.jpg,Available forms gallery
Lapis Lazuli,form,Pendant,lapis-lazuli-pendant.jpg,Available forms gallery
Tiger Eye,form,Round Beads,tiger-eye-round-beads.jpg,Available forms gallery
Tiger Eye,form,Rondelle Beads,tiger-eye-rondelle-beads.jpg,Available forms gallery
Tiger Eye,form,Tumbled Stones,tiger-eye-tumbled-stones.jpg,Available forms gallery
Tiger Eye,form,Bracelet,tiger-eye-bracelet.jpg,Available forms gallery
Tiger Eye,form,Pendant,tiger-eye-pendant.jpg,Available forms gallery
Agate,form,Slices,agate-slices.jpg,Available forms gallery
Agate,form,Tower,agate-tower.jpg,Available forms gallery
Agate,form,Tumbled Stones,agate-tumbled-stones.jpg,Available forms gallery
Agate,form,Beads,agate-beads.jpg,Available forms gallery
Agate,form,Coaster Set,agate-coaster-set.jpg,Available forms gallery
Fluorite,form,Tower,fluorite-tower.jpg,Available forms gallery
Fluorite,form,Sphere,fluorite-sphere.jpg,Available forms gallery
Fluorite,form,Raw Chunks,fluorite-raw-chunks.jpg,Available forms gallery
Fluorite,form,Tumbled Stones,fluorite-tumbled-stones.jpg,Available forms gallery
Fluorite,form,Carving,fluorite-carving.jpg,Available forms gallery
Citrine,form,Tower,citrine-tower.jpg,Available forms gallery
Citrine,form,Tumbled Stones,citrine-tumbled-stones.jpg,Available forms gallery
Citrine,form,Beads,citrine-beads.jpg,Available forms gallery
Citrine,form,Cluster,citrine-cluster.jpg,Available forms gallery
Citrine,form,Pendant,citrine-pendant.jpg,Available forms gallery
